building,min,max,mean,sum
building_A,11.8,16.2,13.916666666666666,83.5
building_B,19.6,24.1,21.900000000000002,131.4
